Cluster_ID,Size,Percentage,Unique_Hashtags,Top_5_Hashtags
18,27159,14.88%,15346,"#trump, #biden, #election2020, #bidenharis2020, #bidenharris2020"
19,20963,11.48%,8968,"#trump, #bidenharis2020, #trumpout, #elections2020, #trump2020"
17,20933,11.47%,14726,"#joebiden, #kamalaharris, #donaldtrump, #election2020, #trump"
4,16449,9.01%,12024,"#biden, #bidenharis2020, #bidenharris2020, #election2020, #bidenharris"
7,15347,8.41%,2447,"#biden, #trump, #elections2020, #election2020results, #usaelection2020"
12,13977,7.66%,6212,"#joebiden, #kamalaharrisvp, #usaelection2020, #uselectionresults2020, #bidenharis2020"
14,13368,7.32%,5353,"#biden, #harris, #bidenharis2020, #kamalaharris, #elections2020"
15,8294,4.54%,4137,"#donaldtrump, #joebiden, #election2020, #usaelection2020, #uselectionresults2020"
9,7685,4.21%,2139,"#trump, #election2020, #biden, #election2020results, #bidenharis2020"
6,5564,3.05%,1668,"#joebiden, #kamalaharris, #presidentelectjoe, #uselectionresults2020, #bidenharis2020"
11,4196,2.30%,1351,"#election2020, #joebiden, #kamalaharris, #donaldtrump, #election2020results"
1,3609,1.98%,852,"#trump, #joebiden, #kamalaharris, #election2020, #biden"
2,3589,1.97%,3355,"#trump, #presidentelectjoe, #trumpnetwork, #fourseasonstotallandscaping, #fourseasonslandscaping"
3,3362,1.84%,1337,"#biden, #bidenharris2020, #election2020, #bidenharris, #presidentelectjoe"
13,3348,1.83%,1170,"#biden, #election2020, #bidenharis2020, #election2020results, #harris"
16,3337,1.83%,1279,"#joebiden, #joebidenkamalaharris2020, #joebiden2020, #kamalaharris, #election2020"
8,3019,1.65%,3091,"#biden, #presidentelectjoe, #siguestulopez, #presidentbiden2020, #tabascobajoelagua"
5,2926,1.60%,1447,"#joebiden, #bidenharris2020, #kamalaharris, #election2020, #presidentelectjoe"
0,2855,1.56%,1352,"#trump, #bidenharris2020, #biden, #election2020, #trumpout"
10,2569,1.41%,2314,"#joebiden, #presidentelectjoe, #presidentbiden2020, #joebidenpresidentelect, #beratalbayrakistifa"
