variant,n,seed,silhouette,kmeans_seconds
energy (as submitted),182549,42,0.1521551030643621,5.539016962051392
energy (as submitted),182549,43,0.14614961502172477,4.834290981292725
energy (as submitted),182549,44,0.13315876269633795,5.864973068237305
energy (as submitted),182549,45,0.14143448541639123,6.408253908157349
energy (as submitted),182549,46,0.14231336824264873,6.140854120254517
uniform 1/|H|,182549,42,0.14709054852996314,4.288326263427734
uniform 1/|H|,182549,43,0.14430101739815313,4.688950061798096
uniform 1/|H|,182549,44,0.15253357103519097,4.621217966079712
uniform 1/|H|,182549,45,0.15315628321352084,4.79668402671814
uniform 1/|H|,182549,46,0.14853359996896925,5.064802885055542
binary,182549,42,0.10944518543523693,5.1876890659332275
binary,182549,43,0.10510182022920646,5.3420250415802
binary,182549,44,0.10992737749688601,5.649454116821289
binary,182549,45,0.09744820540343505,5.206393718719482
binary,182549,46,0.1027270473321511,4.568077087402344
"energy, empty rows removed",182545,42,0.13127445325545617,6.377532005310059
"energy, empty rows removed",182545,43,0.12945602573615125,6.817905902862549
"energy, empty rows removed",182545,44,0.13547594803362123,6.148189067840576
"energy, empty rows removed",182545,45,0.13530907325401867,6.197296857833862
"energy, empty rows removed",182545,46,0.1389539816727554,5.6572089195251465
"energy, empty+duplicate rows removed",140478,42,0.09258568280731581,4.927134037017822
"energy, empty+duplicate rows removed",140478,43,0.0872628017066284,5.08601713180542
"energy, empty+duplicate rows removed",140478,44,0.08954350423007179,5.68775486946106
"energy, empty+duplicate rows removed",140478,45,0.09452734372650361,4.925357103347778
"energy, empty+duplicate rows removed",140478,46,0.09215370653090423,4.3683881759643555
"uniform, empty+duplicate rows removed",140478,42,0.09219963905359523,3.3988428115844727
"uniform, empty+duplicate rows removed",140478,43,0.09544845443287805,3.89023494720459
"uniform, empty+duplicate rows removed",140478,44,0.07185880816593541,4.06007194519043
"uniform, empty+duplicate rows removed",140478,45,0.09562890060157905,3.9435341358184814
"uniform, empty+duplicate rows removed",140478,46,0.08776301314460852,3.881054162979126
