variant,seed,silhouette,kmeans_seconds
energy (as submitted),42,0.1521551030643621,5.56328821182251
energy (as submitted),43,0.14614961502172477,5.6731860637664795
energy (as submitted),44,0.13315876269633795,7.35762095451355
energy (as submitted),45,0.14143448541639123,7.926817178726196
energy (as submitted),46,0.14231336824264873,6.720010042190552
uniform 1/|H|,42,0.14709054852996314,4.565096139907837
uniform 1/|H|,43,0.14430101739815313,4.771934986114502
uniform 1/|H|,44,0.15253357103519097,4.890644073486328
uniform 1/|H|,45,0.15315628321352084,4.718646049499512
uniform 1/|H|,46,0.14853359996896925,5.018365144729614
"idf, per-tweet normalised",42,0.12623996685996727,4.628729820251465
"idf, per-tweet normalised",43,0.15828138508125814,4.577775001525879
"idf, per-tweet normalised",44,0.16485572930848597,4.771903038024902
"idf, per-tweet normalised",45,0.13647897118733893,5.159688949584961
"idf, per-tweet normalised",46,0.10259628118457395,4.821777105331421
"idf, L2-normalised",42,0.11650547800500201,5.557132005691528
"idf, L2-normalised",43,0.12935171341667348,5.3227880001068115
"idf, L2-normalised",44,0.12358999027762645,5.28157114982605
"idf, L2-normalised",45,0.12318185097739823,5.559197902679443
"idf, L2-normalised",46,0.12583270464213198,5.077214956283569
