experiment,a1,a2,a3,tau_dormant,tau_decay,seed,silhouette,davies_bouldin,calinski_harabasz
alpha,0.33,0.33,0.33,30.0,7.0,42,0.1521551027584659,2.288537118437285,9171.563167564873
alpha,0.33,0.33,0.33,30.0,7.0,43,0.14614961493800382,2.0687537508922773,8731.108380605927
alpha,0.33,0.33,0.33,30.0,7.0,44,0.13315876248388045,2.357346720205303,8787.580431409808
alpha,0.33,0.33,0.33,30.0,7.0,45,0.14143448554659074,2.3084914177264535,8991.295578658066
alpha,0.33,0.33,0.33,30.0,7.0,46,0.1423133681091344,2.305772886101542,8868.23762908088
alpha,0.0,0.0,1.0,30.0,7.0,42,0.14852699609798942,2.1115513914572936,8688.045518263509
alpha,0.0,0.0,1.0,30.0,7.0,43,0.13118660955748038,2.1520675537350415,8443.730979629167
alpha,0.0,0.0,1.0,30.0,7.0,44,0.13094587928141613,2.1895319540232707,8409.344969472259
alpha,0.0,0.0,1.0,30.0,7.0,45,0.12033731846190021,2.349161433806356,8272.388687986639
alpha,0.0,0.0,1.0,30.0,7.0,46,0.12159928692853207,2.2038862767446856,8413.75627459905
alpha,0.0,0.25,0.75,30.0,7.0,42,0.14567543366072483,2.3001556172074653,8591.932512442316
alpha,0.0,0.25,0.75,30.0,7.0,43,0.13528029294246308,2.355172052004813,8651.564295395772
alpha,0.0,0.25,0.75,30.0,7.0,44,0.13439415400805954,2.2818529146382263,8538.714349018202
alpha,0.0,0.25,0.75,30.0,7.0,45,0.14066608390551008,2.191591680053649,8727.904551576301
alpha,0.0,0.25,0.75,30.0,7.0,46,0.13615036114699205,2.270789454922769,8570.018913902619
alpha,0.0,0.5,0.5,30.0,7.0,42,0.11421290715943441,2.4588154041496546,8402.413552564716
alpha,0.0,0.5,0.5,30.0,7.0,43,0.13834234803138384,2.2660341702847244,8943.61683701201
alpha,0.0,0.5,0.5,30.0,7.0,44,0.1354632610720497,2.3325707150071753,8803.098004584162
alpha,0.0,0.5,0.5,30.0,7.0,45,0.13445872606861667,2.3622865593610642,8785.389088800679
alpha,0.0,0.5,0.5,30.0,7.0,46,0.14020691096885599,2.1758209171434,8698.713813550286
alpha,0.0,0.75,0.25,30.0,7.0,42,0.14729933011668495,2.1885144860760564,9072.065319371806
alpha,0.0,0.75,0.25,30.0,7.0,43,0.14519499769848992,2.0928965292238213,8969.361620458138
alpha,0.0,0.75,0.25,30.0,7.0,44,0.14501062675552567,2.184894900452627,9026.537742846867
alpha,0.0,0.75,0.25,30.0,7.0,45,0.13018503747175283,2.5374595465282694,8950.694812191672
alpha,0.0,0.75,0.25,30.0,7.0,46,0.14397154736911208,2.3425869245668705,9254.6851280668
alpha,0.0,1.0,0.0,30.0,7.0,42,0.14415525920855765,2.2853209236345817,9183.213286146907
alpha,0.0,1.0,0.0,30.0,7.0,43,0.1377232099847599,2.262698847842593,9193.661449973088
alpha,0.0,1.0,0.0,30.0,7.0,44,0.13090111358961784,2.445854519741046,9123.72027826163
alpha,0.0,1.0,0.0,30.0,7.0,45,0.14545314560695882,2.155220744608917,9025.476039793395
alpha,0.0,1.0,0.0,30.0,7.0,46,0.1266580971498993,2.4022506987920815,9108.79232577026
alpha,0.25,0.0,0.75,30.0,7.0,42,0.1381959332688477,2.431897155617503,8674.30368489971
alpha,0.25,0.0,0.75,30.0,7.0,43,0.1334838944065726,2.2315852111803034,8695.83829270627
alpha,0.25,0.0,0.75,30.0,7.0,44,0.13943205209294485,2.2235273685282526,8676.451411339442
alpha,0.25,0.0,0.75,30.0,7.0,45,0.14723588843675292,2.288099337564198,8572.928842703192
alpha,0.25,0.0,0.75,30.0,7.0,46,0.1426469738375425,2.1503542947367147,8710.711899310541
alpha,0.25,0.25,0.5,30.0,7.0,42,0.14735865794340328,2.2093782057296645,8868.118950885451
alpha,0.25,0.25,0.5,30.0,7.0,43,0.1253121564259525,2.2814538365714556,8775.49407917372
alpha,0.25,0.25,0.5,30.0,7.0,44,0.152395314447854,2.140265340945058,8987.505547088847
alpha,0.25,0.25,0.5,30.0,7.0,45,0.14123174041854172,2.267824680245508,8637.229578242617
alpha,0.25,0.25,0.5,30.0,7.0,46,0.13862458301176295,2.1701059622174617,8871.652010982807
alpha,0.25,0.5,0.25,30.0,7.0,42,0.14720346463992748,2.2018055470154563,8958.966224537811
alpha,0.25,0.5,0.25,30.0,7.0,43,0.12890707726278167,2.4349881578032817,9016.572891294314
alpha,0.25,0.5,0.25,30.0,7.0,44,0.1296698075932909,2.327096878229178,9032.910479032356
alpha,0.25,0.5,0.25,30.0,7.0,45,0.14404983301064694,2.2086081134084656,8820.319922083956
alpha,0.25,0.5,0.25,30.0,7.0,46,0.13337239199668147,2.2354371901196814,8902.523059176356
alpha,0.25,0.75,0.0,30.0,7.0,42,0.1328504252316471,2.44280099843727,9110.241455475809
alpha,0.25,0.75,0.0,30.0,7.0,43,0.13363991693837549,2.3510435588771097,8896.026339808886
alpha,0.25,0.75,0.0,30.0,7.0,44,0.1426898518078919,2.3335563963563493,9167.325381638067
alpha,0.25,0.75,0.0,30.0,7.0,45,0.142909551612521,2.299934304315257,9087.598110321775
alpha,0.25,0.75,0.0,30.0,7.0,46,0.13693088465265965,2.322581878813309,9195.320047872056
alpha,0.5,0.0,0.5,30.0,7.0,42,0.1432989913899822,2.311735305439256,8946.85843945599
alpha,0.5,0.0,0.5,30.0,7.0,43,0.13447752657097503,2.172374326316468,8808.489535177194
alpha,0.5,0.0,0.5,30.0,7.0,44,0.1344464297759427,2.3792011514190277,8817.631562281358
alpha,0.5,0.0,0.5,30.0,7.0,45,0.13700687758672986,2.0974271573499363,8648.325442960171
alpha,0.5,0.0,0.5,30.0,7.0,46,0.1404727983717073,2.235483182965945,8921.649782886663
alpha,0.5,0.25,0.25,30.0,7.0,42,0.1363236852880608,2.309616512272769,9087.100031681737
alpha,0.5,0.25,0.25,30.0,7.0,43,0.14103840818054986,2.310596292218618,9010.013698149129
alpha,0.5,0.25,0.25,30.0,7.0,44,0.1579168191343712,2.285226506663494,9097.411465525649
alpha,0.5,0.25,0.25,30.0,7.0,45,0.14148444035304597,2.138059630431726,8939.141538625317
alpha,0.5,0.25,0.25,30.0,7.0,46,0.13433463149867667,2.3012688986212435,8939.482445868172
alpha,0.5,0.5,0.0,30.0,7.0,42,0.1218213069633303,2.651844015266188,9130.482127713529
alpha,0.5,0.5,0.0,30.0,7.0,43,0.14129808158603652,2.3529781644190515,9351.3071899384
alpha,0.5,0.5,0.0,30.0,7.0,44,0.15380925434173218,2.2011330940135827,9359.630852456552
alpha,0.5,0.5,0.0,30.0,7.0,45,0.14447741682977405,2.2853377465883242,9240.7724247197
alpha,0.5,0.5,0.0,30.0,7.0,46,0.11986866510829605,2.5950869972983552,8974.238385450637
alpha,0.75,0.0,0.25,30.0,7.0,42,0.15470365102365022,2.2557238465816374,8850.205518133005
alpha,0.75,0.0,0.25,30.0,7.0,43,0.14495096058960688,2.153670205600101,9068.229579114717
alpha,0.75,0.0,0.25,30.0,7.0,44,0.1513220022671295,2.2286372522289297,8992.614170287596
alpha,0.75,0.0,0.25,30.0,7.0,45,0.15260030949269185,2.1688277584565663,9121.352664718645
alpha,0.75,0.0,0.25,30.0,7.0,46,0.13554456624072572,2.2352468819835503,9162.5423129367
alpha,0.75,0.25,0.0,30.0,7.0,42,0.14487815658793712,2.149970707178256,9162.26014277775
alpha,0.75,0.25,0.0,30.0,7.0,43,0.12934895293654025,2.3877465691130353,9354.532204350437
alpha,0.75,0.25,0.0,30.0,7.0,44,0.13159071791535112,2.389176939879314,9154.10791821968
alpha,0.75,0.25,0.0,30.0,7.0,45,0.15187983103037037,2.209725454457125,9214.463031881412
alpha,0.75,0.25,0.0,30.0,7.0,46,0.12928637676043242,2.469844169693374,9142.258103700244
alpha,1.0,0.0,0.0,30.0,7.0,42,0.1391807038655756,2.451576972523332,8900.129302529454
alpha,1.0,0.0,0.0,30.0,7.0,43,0.12749115440841788,2.3992392370373667,9061.092150895984
alpha,1.0,0.0,0.0,30.0,7.0,44,0.1505353221645365,2.2749594989674047,9258.825130150144
alpha,1.0,0.0,0.0,30.0,7.0,45,0.14488698310080694,2.3214440189330157,9255.992142670024
alpha,1.0,0.0,0.0,30.0,7.0,46,0.14191642293965442,2.2162772682178313,9346.15955164378
tau,0.33,0.33,0.33,1.0,1.0,42,0.14426901996353805,2.29711713889179,9162.808866000318
tau,0.33,0.33,0.33,1.0,1.0,43,0.1327978009863898,2.3968445909288016,9373.784951594305
tau,0.33,0.33,0.33,1.0,1.0,44,0.1347928788759915,2.4175870298667,9063.624036431542
tau,0.33,0.33,0.33,1.0,1.0,45,0.14598834107295888,2.2166708989487547,9208.23799618739
tau,0.33,0.33,0.33,1.0,1.0,46,0.1403044327706224,2.3814605372481337,9141.606140459593
tau,0.33,0.33,0.33,1.0,3.0,42,0.14426901996353805,2.29711713889179,9162.808866000318
tau,0.33,0.33,0.33,1.0,3.0,43,0.1327978009863898,2.3968445909288016,9373.784951594305
tau,0.33,0.33,0.33,1.0,3.0,44,0.1347928788759915,2.4175870298667,9063.624036431542
tau,0.33,0.33,0.33,1.0,3.0,45,0.14598834107295888,2.216670898948748,9208.237996187388
tau,0.33,0.33,0.33,1.0,3.0,46,0.1403044327706224,2.3814605372481332,9141.606140459593
tau,0.33,0.33,0.33,1.0,7.0,42,0.14426901996353805,2.29711713889179,9162.808866000318
tau,0.33,0.33,0.33,1.0,7.0,43,0.1327978009863898,2.3968445909288016,9373.784951594305
tau,0.33,0.33,0.33,1.0,7.0,44,0.1347928788759915,2.4175870298667,9063.624036431542
tau,0.33,0.33,0.33,1.0,7.0,45,0.14598834107295888,2.216670898948749,9208.237996187388
tau,0.33,0.33,0.33,1.0,7.0,46,0.1403044327706224,2.3814605372481337,9141.606140459593
tau,0.33,0.33,0.33,1.0,14.0,42,0.14426901996353805,2.297117138891791,9162.808866000318
tau,0.33,0.33,0.33,1.0,14.0,43,0.1327978009863898,2.396844590928801,9373.784951594307
tau,0.33,0.33,0.33,1.0,14.0,44,0.1347928788759915,2.4175870298667,9063.624036431542
tau,0.33,0.33,0.33,1.0,14.0,45,0.14598834107295888,2.2166708989487485,9208.237996187388
tau,0.33,0.33,0.33,1.0,14.0,46,0.1403044327706224,2.3814605372481337,9141.606140459593
tau,0.33,0.33,0.33,3.0,1.0,42,0.15292863093498282,2.324728596705031,9116.84183541723
tau,0.33,0.33,0.33,3.0,1.0,43,0.13390003481501953,2.3977996294824924,9170.276839065687
tau,0.33,0.33,0.33,3.0,1.0,44,0.13398569787223336,2.251756773853861,9224.06380563785
tau,0.33,0.33,0.33,3.0,1.0,45,0.13883507112369833,2.2714590402707033,9115.286527308763
tau,0.33,0.33,0.33,3.0,1.0,46,0.14040435470544468,2.2662773314538773,8924.760273871148
tau,0.33,0.33,0.33,3.0,3.0,42,0.14727858271038996,2.6132854048331815,9003.40555631333
tau,0.33,0.33,0.33,3.0,3.0,43,0.13108501322737912,2.376130636442387,8862.755386853592
tau,0.33,0.33,0.33,3.0,3.0,44,0.143545141747259,2.275129641373371,9045.11048562577
tau,0.33,0.33,0.33,3.0,3.0,45,0.14804035255081127,2.2894875532668686,9151.58638920611
tau,0.33,0.33,0.33,3.0,3.0,46,0.13797048788564695,2.4047350494352626,8984.774297631757
tau,0.33,0.33,0.33,3.0,7.0,42,0.13034216105130325,2.5093161149508156,8803.758436534661
tau,0.33,0.33,0.33,3.0,7.0,43,0.13976373673620873,2.2515946650177687,8958.167352736298
tau,0.33,0.33,0.33,3.0,7.0,44,0.13761248993219422,2.382244424705249,9178.511363306836
tau,0.33,0.33,0.33,3.0,7.0,45,0.13623645625102085,2.273517556981614,8923.091581041841
tau,0.33,0.33,0.33,3.0,7.0,46,0.13005126376626974,2.3514429317255905,8682.844146255076
tau,0.33,0.33,0.33,3.0,14.0,42,0.13515142588446982,2.193278643046221,8928.29225562845
tau,0.33,0.33,0.33,3.0,14.0,43,0.13788727256556782,2.1717024870727526,8949.177480464732
tau,0.33,0.33,0.33,3.0,14.0,44,0.13534900761146007,2.2596180816270186,8970.667755607345
tau,0.33,0.33,0.33,3.0,14.0,45,0.1412642706585965,2.299231164078365,8986.111845121799
tau,0.33,0.33,0.33,3.0,14.0,46,0.1501812487895817,2.1510910296483563,8923.398123860723
tau,0.33,0.33,0.33,7.0,1.0,42,0.13218557682543391,2.347570967271242,9123.590018324836
tau,0.33,0.33,0.33,7.0,1.0,43,0.13019715960521788,2.541243117520474,9237.867892727207
tau,0.33,0.33,0.33,7.0,1.0,44,0.13904658330769537,2.3390523505780747,8997.54545106554
tau,0.33,0.33,0.33,7.0,1.0,45,0.14096130295478385,2.3337430468238525,9262.53793547982
tau,0.33,0.33,0.33,7.0,1.0,46,0.14540970053320093,2.08761425440131,9195.339343709049
tau,0.33,0.33,0.33,7.0,3.0,42,0.13779836673768392,2.411240279192252,9005.77386847308
tau,0.33,0.33,0.33,7.0,3.0,43,0.1438311175558824,2.2905220978817686,9199.629156991616
tau,0.33,0.33,0.33,7.0,3.0,44,0.1399847240364611,2.255500940416991,8864.75831533899
tau,0.33,0.33,0.33,7.0,3.0,45,0.15024135018840193,2.4149441395569524,9255.926357492832
tau,0.33,0.33,0.33,7.0,3.0,46,0.14592408441644064,2.1798313565309497,9272.550622385172
tau,0.33,0.33,0.33,7.0,7.0,42,0.1521551027584659,2.2885371184372847,9171.563167564873
tau,0.33,0.33,0.33,7.0,7.0,43,0.14614961493800382,2.0687537508922773,8731.108380605923
tau,0.33,0.33,0.33,7.0,7.0,44,0.13315876248388045,2.3573467202053036,8787.580431409804
tau,0.33,0.33,0.33,7.0,7.0,45,0.14143448554659074,2.3084914177264535,8991.295578658066
tau,0.33,0.33,0.33,7.0,7.0,46,0.1423133681091344,2.305772886101542,8868.23762908088
tau,0.33,0.33,0.33,7.0,14.0,42,0.1309897067579052,2.307713512264824,8884.46582063224
tau,0.33,0.33,0.33,7.0,14.0,43,0.13862447440924597,2.1828075548388854,8756.020152861818
tau,0.33,0.33,0.33,7.0,14.0,44,0.14241092163373076,2.1651924217400556,8851.816189612033
tau,0.33,0.33,0.33,7.0,14.0,45,0.14776090002751976,2.181666232221296,9079.88189192544
tau,0.33,0.33,0.33,7.0,14.0,46,0.13298340714455148,2.3028815948189396,8895.412132461499
tau,0.33,0.33,0.33,14.0,1.0,42,0.13218557682543391,2.3475709672712415,9123.590018324834
tau,0.33,0.33,0.33,14.0,1.0,43,0.13019715960521788,2.5412431175204744,9237.867892727207
tau,0.33,0.33,0.33,14.0,1.0,44,0.13904658330769537,2.3390523505780743,8997.54545106554
tau,0.33,0.33,0.33,14.0,1.0,45,0.14096130295478385,2.3337430468238525,9262.53793547982
tau,0.33,0.33,0.33,14.0,1.0,46,0.14540970053320093,2.08761425440131,9195.339343709049
tau,0.33,0.33,0.33,14.0,3.0,42,0.13779836673768392,2.411240279192252,9005.77386847308
tau,0.33,0.33,0.33,14.0,3.0,43,0.1438311175558824,2.2905220978817686,9199.629156991616
tau,0.33,0.33,0.33,14.0,3.0,44,0.1399847240364611,2.255500940416991,8864.75831533899
tau,0.33,0.33,0.33,14.0,3.0,45,0.15024135018840193,2.414944139556953,9255.926357492835
tau,0.33,0.33,0.33,14.0,3.0,46,0.14592408441644064,2.1798313565309497,9272.550622385173
tau,0.33,0.33,0.33,14.0,7.0,42,0.1521551027584659,2.2885371184372847,9171.563167564873
tau,0.33,0.33,0.33,14.0,7.0,43,0.14614961493800382,2.0687537508922773,8731.108380605925
tau,0.33,0.33,0.33,14.0,7.0,44,0.13315876248388045,2.3573467202053036,8787.580431409806
tau,0.33,0.33,0.33,14.0,7.0,45,0.14143448554659074,2.308491417726454,8991.295578658066
tau,0.33,0.33,0.33,14.0,7.0,46,0.1423133681091344,2.305772886101542,8868.23762908088
tau,0.33,0.33,0.33,14.0,14.0,42,0.1309897067579052,2.3077135122648245,8884.46582063224
tau,0.33,0.33,0.33,14.0,14.0,43,0.13862447440924597,2.182807554838886,8756.02015286182
tau,0.33,0.33,0.33,14.0,14.0,44,0.14241092163373076,2.165192421740057,8851.816189612033
tau,0.33,0.33,0.33,14.0,14.0,45,0.14776090002751976,2.1816662322212976,9079.881891925439
tau,0.33,0.33,0.33,14.0,14.0,46,0.13298340714455148,2.3028815948189396,8895.412132461497
tau,0.33,0.33,0.33,30.0,1.0,42,0.13218557682543391,2.3475709672712415,9123.590018324836
tau,0.33,0.33,0.33,30.0,1.0,43,0.13019715960521788,2.541243117520475,9237.867892727207
tau,0.33,0.33,0.33,30.0,1.0,44,0.13904658330769537,2.3390523505780743,8997.54545106554
tau,0.33,0.33,0.33,30.0,1.0,45,0.14096130295478385,2.3337430468238525,9262.537935479822
tau,0.33,0.33,0.33,30.0,1.0,46,0.14540970053320093,2.08761425440131,9195.339343709049
tau,0.33,0.33,0.33,30.0,3.0,42,0.13779836673768392,2.411240279192252,9005.77386847308
tau,0.33,0.33,0.33,30.0,3.0,43,0.1438311175558824,2.2905220978817686,9199.629156991616
tau,0.33,0.33,0.33,30.0,3.0,44,0.1399847240364611,2.255500940416991,8864.75831533899
tau,0.33,0.33,0.33,30.0,3.0,45,0.15024135018840193,2.4149441395569524,9255.926357492834
tau,0.33,0.33,0.33,30.0,3.0,46,0.14592408441644064,2.1798313565309497,9272.550622385173
tau,0.33,0.33,0.33,30.0,7.0,42,0.1521551027584659,2.2885371184372847,9171.563167564873
tau,0.33,0.33,0.33,30.0,7.0,43,0.14614961493800382,2.0687537508922773,8731.108380605923
tau,0.33,0.33,0.33,30.0,7.0,44,0.13315876248388045,2.3573467202053036,8787.580431409808
tau,0.33,0.33,0.33,30.0,7.0,45,0.14143448554659074,2.3084914177264535,8991.295578658066
tau,0.33,0.33,0.33,30.0,7.0,46,0.1423133681091344,2.305772886101542,8868.23762908088
tau,0.33,0.33,0.33,30.0,14.0,42,0.1309897067579052,2.307713512264822,8884.46582063224
tau,0.33,0.33,0.33,30.0,14.0,43,0.13862447440924597,2.182807554838886,8756.02015286182
tau,0.33,0.33,0.33,30.0,14.0,44,0.14241092163373076,2.1651924217400573,8851.816189612033
tau,0.33,0.33,0.33,30.0,14.0,45,0.14776090002751976,2.181666232221297,9079.881891925443
tau,0.33,0.33,0.33,30.0,14.0,46,0.13298340714455148,2.3028815948189405,8895.412132461497
