a1,a2,a3,tau_dormant,tau_decay,silhouette_mean,silhouette_std,davies_bouldin_mean,davies_bouldin_std,calinski_harabasz_mean,calinski_harabasz_std
0.33,0.33,0.33,1.0,1.0,0.13963049473390013,0.005755009771719926,2.341936039176836,0.0836664457455406,9190.01239813463,115.28414867854225
0.33,0.33,0.33,1.0,3.0,0.13963049473390013,0.005755009771719926,2.3419360391768347,0.08366644574554305,9190.01239813463,115.28414867854224
0.33,0.33,0.33,1.0,7.0,0.13963049473390013,0.005755009771719926,2.341936039176835,0.0836664457455428,9190.01239813463,115.28414867854224
0.33,0.33,0.33,1.0,14.0,0.13963049473390013,0.005755009771719926,2.341936039176835,0.08366644574554273,9190.01239813463,115.28414867854329
0.33,0.33,0.33,3.0,1.0,0.14001075789027576,0.007778992327876846,2.3024042743531927,0.06005535357321257,9110.245856260135,112.95138453887056
0.33,0.33,0.33,3.0,3.0,0.14158391562429726,0.007093042902649924,2.391753657070214,0.13559906674878142,9009.526423126112,104.44990340130443
0.33,0.33,0.33,3.0,7.0,0.13480122154739935,0.004388479378308301,2.3536231386762076,0.10233639117299549,8909.274575974941,185.38760482213868
0.33,0.33,0.33,3.0,14.0,0.13996664510193518,0.00622203067397755,2.2149842810945426,0.06228264091955661,8951.52949213661,26.92158644648307
0.33,0.33,0.33,7.0,1.0,0.13756006464526638,0.006294688898176941,2.3298447473189907,0.1610738015581581,9163.37612826129,106.63780071921866
0.33,0.33,0.33,7.0,3.0,0.143555928586974,0.004906163811474548,2.3104077627157826,0.10192576601998726,9119.727664136339,177.68231874095622
0.33,0.33,0.33,7.0,7.0,0.14304226676721504,0.006955201346542354,2.2657803786725723,0.11307673243024055,8909.95703746391,175.89564405852445
0.33,0.33,0.33,7.0,14.0,0.13855388199459062,0.0068537919466487825,2.2280522631768003,0.07087921177276549,8893.519237498605,117.75156989643187
0.33,0.33,0.33,14.0,1.0,0.13756006464526638,0.006294688898176941,2.3298447473189907,0.16107380155815829,9163.37612826129,106.63780071921877
0.33,0.33,0.33,14.0,3.0,0.143555928586974,0.004906163811474548,2.3104077627157826,0.10192576601998735,9119.727664136339,177.68231874095696
0.33,0.33,0.33,14.0,7.0,0.14304226676721504,0.006955201346542354,2.2657803786725723,0.1130767324302406,8909.95703746391,175.895644058524
0.33,0.33,0.33,14.0,14.0,0.13855388199459062,0.0068537919466487825,2.2280522631768007,0.07087921177276488,8893.519237498605,117.75156989643044
0.33,0.33,0.33,30.0,1.0,0.13756006464526638,0.006294688898176941,2.3298447473189907,0.1610738015581586,9163.37612826129,106.63780071921919
0.33,0.33,0.33,30.0,3.0,0.143555928586974,0.004906163811474548,2.3104077627157826,0.10192576601998726,9119.727664136339,177.6823187409572
0.33,0.33,0.33,30.0,7.0,0.14304226676721504,0.006955201346542354,2.2657803786725723,0.11307673243024055,8909.95703746391,175.8956440585238
0.33,0.33,0.33,30.0,14.0,0.13855388199459062,0.0068537919466487825,2.2280522631768003,0.07087921177276434,8893.519237498607,117.75156989643163
