Features,Algorithm,K,Silhouette,Davies-Bouldin,Calinski-Harabasz,Min_Size,Max_Size,Mean_Size,Std_Size,Balance,Time
Hashtag-Only,KMeans,2,0.2244016401956624,1.3387233832890784,1025.9864934395387,883,5410,3146.5,2263.5,0.7193707293818529,0.3975222110748291
Hashtag-Only,Hierarchical-Ward,2,0.2755393235114149,0.6318208399182248,893.404760483516,441,5852,3146.5,2705.5,0.8598442714126807,9.186410903930664
Hashtag-Only,GMM,2,0.11070073410398032,4.56605665407004,223.15677416637433,2954,3339,3146.5,192.5,0.06117908787541713,4.829164743423462
Hashtag-Only,KMeans,5,0.2639621783408562,1.399498480887677,806.9434980764811,208,3756,1258.6,1283.7983642301467,1.020020947266921,0.5304558277130127
Hashtag-Only,Hierarchical-Ward,5,0.2381128344902511,1.0151009110065345,659.232133156785,157,5075,1258.6,1910.336263593402,1.5178263654802178,8.960999011993408
Hashtag-Only,GMM,5,0.10913187884489008,4.283383870024751,187.05155341448312,282,2399,1258.6,910.9565522021344,0.7237855968553428,17.271629095077515
Hashtag-Only,KMeans,10,0.3026378149801562,1.2985915047275096,648.9155422303495,95,2902,629.3,802.9949003574056,1.2760128720124038,0.8514351844787598
Hashtag-Only,Hierarchical-Ward,10,0.2713330991872649,1.685957358175131,536.5289420891813,106,3004,629.3,842.1356244691231,1.3382101135692406,8.943006992340088
Hashtag-Only,GMM,10,0.18829460622336858,3.6898125036998835,261.0673328451747,140,2103,629.3,570.160161708971,0.9060228217209139,41.683642864227295
Hashtag-Only,KMeans,15,0.31077039511796306,1.2914118612067318,500.99748457896465,5,2706,419.53333333333336,635.6993908724119,1.515253593371393,0.9734888076782227
Hashtag-Only,Hierarchical-Ward,15,0.29754744351422147,1.8849202800255418,420.52906686418504,106,2706,419.53333333333336,627.9626174294843,1.4968122137998197,8.965162992477417
Hashtag-Only,GMM,15,0.2620468404395166,3.1926225600690668,301.1733788129181,18,1997,419.53333333333336,442.00902957091523,1.053573088123904,64.73787117004395
Hashtag-Only,KMeans,20,0.3263258695315072,1.394579534225185,400.9573682210339,15,2599,314.65,548.6020666202415,1.743531119085465,1.1224348545074463
Hashtag-Only,Hierarchical-Ward,20,0.31639983447545894,2.0561782258025523,347.3914686252593,17,2347,314.65,485.3761711291562,1.5425907234360599,8.92530107498169
Hashtag-Only,GMM,20,0.2739028529461819,3.1785751433526857,247.69932437948185,18,1915,314.65,388.9679003465453,1.2361922782346904,75.52908778190613
TF-IDF-Only,KMeans,2,0.030051985639336833,1.5194725047270814,210.46157193454937,251,6042,3146.5,2895.5,0.9202288256793263,1.9764540195465088
TF-IDF-Only,Hierarchical-Ward,2,0.02993123060014463,1.5485702699553472,209.36911553765827,255,6038,3146.5,2891.5,0.9189575719052916,53.515965938568115
TF-IDF-Only,GMM,2,0.004678901778589829,10.244648588516727,43.99956331231935,1560,4733,3146.5,1586.5,0.5042110281264898,74.44077181816101
TF-IDF-Only,KMeans,5,0.05375942938382503,4.2220885655065885,127.85992107354186,193,4744,1258.6,1749.259340406676,1.3898453364108345,4.749831199645996
TF-IDF-Only,Hierarchical-Ward,5,0.05493979641076285,2.474863189074307,131.0785899942347,99,5550,1258.6,2146.281864061661,1.7052930748940578,52.89685893058777
TF-IDF-Only,GMM,5,-0.0065809341548892725,6.252508776535153,35.13750557495414,155,5073,1258.6,1914.532381549082,1.5211603222223757,304.14699697494507
TF-IDF-Only,KMeans,10,0.06606865294347727,4.70533774334859,80.79908373989633,42,3792,629.3,1081.7162335843905,1.718919805473368,6.501149892807007
TF-IDF-Only,Hierarchical-Ward,10,0.056154830521365225,3.414541923048475,76.31403352946434,46,4903,629.3,1426.5766050233683,2.266926116356854,56.48002815246582
TF-IDF-Only,GMM,10,0.03906265138104988,5.602857348532846,72.26645832874982,109,3649,629.3,1030.831901912237,1.6380611821265487,660.4011368751526
TF-IDF-Only,KMeans,15,0.06872697761302418,4.989556969827231,59.121181918405306,48,3337,419.53333333333336,800.0581534419163,1.907019275644167,7.759444236755371
TF-IDF-Only,Hierarchical-Ward,15,0.05805571622537962,2.8091735478227964,56.09771616635172,15,4872,419.53333333333336,1192.8537695608607,2.843287230798174,59.00317597389221
TF-IDF-Only,GMM,15,0.040263661404981034,6.029037700122415,49.368976230068434,81,2971,419.53333333333336,700.7721328807405,1.6703610349930251,994.8195879459381
TF-IDF-Only,KMeans,20,0.06815116727833934,5.0804658537683425,46.54121182828063,13,2925,314.65,619.7285918045092,1.9695807780216406,9.116332769393921
TF-IDF-Only,Hierarchical-Ward,20,0.05959356441138037,2.5190262992787376,45.48311054312647,12,4787,314.65,1028.935191107778,3.2700943623320455,51.934324979782104
TF-IDF-Only,GMM,20,0.04268633906704817,6.062603743384338,39.42547753912891,44,2742,314.65,572.846600321587,1.8205835065043285,1356.6218349933624
Combined,KMeans,2,0.06760197082852479,3.0013740159528064,372.2911204469395,1106,5187,3146.5,2040.5,0.6484983314794216,3.053084135055542
Combined,Hierarchical-Ward,2,0.05225259746423578,2.923677584120014,267.93747345692583,738,5555,3146.5,2408.5,0.7654536786906087,65.22089123725891
Combined,GMM,2,0.05961673189192675,3.3701630614723332,335.35008976452093,1264,5029,3146.5,1882.5,0.5982838074050533,224.55207705497742
Combined,KMeans,5,0.08906772368115388,3.0861825980938598,260.67881218654355,279,3292,1258.6,1049.625571334845,0.8339627930516805,3.59928297996521
Combined,Hierarchical-Ward,5,0.06213925683848819,3.0289552076678143,198.8922922203646,241,4205,1258.6,1481.8772688721558,1.1774012941936722,65.50019812583923
Combined,GMM,5,0.0851857290153689,2.80873132175601,229.34452135369384,105,3756,1258.6,1332.6668901117037,1.0588486334909453,588.8409478664398
Combined,KMeans,10,0.040572579126722325,3.063943422457747,189.23453996622786,193,2156,629.3,580.0851747803938,0.9217943346264005,5.2512359619140625
Combined,Hierarchical-Ward,10,0.02465142339141323,2.82723727247737,157.68994580492497,200,3061,629.3,830.3702848729595,1.3195141981137128,65.0293619632721
Combined,GMM,10,0.03477338688886832,2.8309147107345254,179.84399300376262,8,2191,629.3,622.6268625750097,0.9893959360797866,777.8296990394592
Combined,KMeans,15,0.055627739361200274,2.742629711763096,145.15581994515185,8,2014,419.53333333333336,495.8816883984413,1.1819840022209789,7.177093267440796
Combined,Hierarchical-Ward,15,0.0378864846815007,2.676639907155308,120.86139461787319,48,2805,419.53333333333336,664.083917053326,1.5829109734307785,61.67086100578308
Combined,GMM,15,0.05532647645914065,3.894005074195856,140.33818726634323,10,1268,419.53333333333336,378.32347123710014,0.9017721386550932,827.186350107193
Combined,KMeans,20,0.06164364314717195,3.3109258483592283,112.90209014822528,3,1707,314.65,397.6727643427445,1.2638575062537565,7.9788830280303955
Combined,Hierarchical-Ward,20,0.04556031186227839,3.6995834768714646,97.85912526156235,20,1691,314.65,367.6797893548134,1.1685357996339216,59.75684404373169
Combined,GMM,20,0.05328213085563585,3.996986315463868,111.92203414881601,8,1219,314.65,324.23683859179226,1.0304682618521923,1556.9241678714752
